file_name,WAMPI,PCI,LPI,catalog_number,museum,UCIAMS_number,taxon,genus,species,locality,weathering_score,collagen_present,data_type,yield,N_wt_percent,C_wt_percent,C_N_atomic,publication
UCMP_148855,0.8118702866770796,2.9602743853135958,0.6280701122135024,148855,UCMP,NA,Teratornis merriami,Teratornis,merriami,Rancho La Brea,0,TRUE,training,NA,NA,NA,NA,NA
UCMP_148856,0.8438922552577273,3.125048093959931,0.9589428827541161,148856,UCMP,NA,Teratornis merriami,Teratornis,merriami,Rancho La Brea,0,TRUE,training,NA,NA,NA,NA,NA
UCMP_148859,0.9098384787188658,3.036286458409283,0.8870136237772892,148859,UCMP,NA,Teratornis merriami,Teratornis,merriami,Rancho La Brea,0,TRUE,training,NA,NA,NA,NA,NA
UCMP_148860,0.6976677256821526,3.282942131019693,0.6600227906322357,148860,UCMP,NA,Teratornis merriami,Teratornis,merriami,Rancho La Brea,1,TRUE,training,NA,NA,NA,NA,NA
UCMP_148873,0.8559926009415418,2.984350872899268,0.8948598163098123,148873,UCMP,NA,Teratornis merriami,Teratornis,merriami,Rancho La Brea,1,TRUE,training,NA,NA,NA,NA,NA
UCMP_148874,0.8148105403175423,3.043660582242377,0.5946586884705866,148874,UCMP,NA,Teratornis merriami,Teratornis,merriami,Rancho La Brea,1,TRUE,training,NA,NA,NA,NA,NA
UCMP_148875,0.8084482012720882,2.915963907079056,0.4823378670685918,148875,UCMP,NA,Gymnogyps californianus,Gymnogyps,californianus,Rancho La Brea,0,TRUE,training,NA,NA,NA,NA,NA
UCMP_148876,1.2437011964141287,2.944222184168625,1.14826517494749,148876,UCMP,NA,Gymnogyps californianus,Gymnogyps,californianus,Rancho La Brea,1,TRUE,training,NA,NA,NA,NA,NA
UCMP_148877,0.6351547768031499,3.011585441030781,0.5741386320834597,148877,UCMP,NA,Gymnogyps californianus,Gymnogyps,californianus,Rancho La Brea,0,TRUE,training,NA,NA,NA,NA,NA
UCMP_148878,0.7667376401732132,2.9675181200792196,0.9069725106322354,148878,UCMP,NA,Gymnogyps californianus,Gymnogyps,californianus,Rancho La Brea,0,TRUE,training,NA,NA,NA,NA,NA
UCMP_148879,0.44088123957577513,3.467031813107105,0.5319336659130783,148879,UCMP,NA,Gymnogyps californianus,Gymnogyps,californianus,Rancho La Brea,1,TRUE,training,NA,NA,NA,NA,NA
UCMP_148880,0.983685553156767,2.8797533818006418,1.7894721544967511,148880,UCMP,NA,Gymnogyps californianus,Gymnogyps,californianus,Rancho La Brea,0,TRUE,training,NA,NA,NA,NA,NA
UCMP_148881,0.8063242303850982,2.798863860343856,0.5670996115807974,148881,UCMP,NA,Gymnogyps californianus,Gymnogyps,californianus,Rancho La Brea,0,TRUE,training,NA,NA,NA,NA,NA
UCMP_148884,0.8234683640556241,3.058736520896125,1.071748550117739,148884,UCMP,NA,Gymnogyps californianus,Gymnogyps,californianus,Rancho La Brea,0,TRUE,training,NA,NA,NA,NA,NA
UCMP_148885,0.8407428645477312,3.0013844056670105,0.9058572818274286,148885,UCMP,NA,Gymnogyps californianus,Gymnogyps,californianus,Rancho La Brea,0,TRUE,training,NA,NA,NA,NA,NA
UCMP_149245,0.29769959659024275,3.601823782811625,0.45190870532461375,149245,UCMP,NA,NA,Arctodus,NA,McKittrick,NA,NA,testing,NA,NA,NA,NA,this study
UCMP_149246,0.5296168310904231,3.233070244747219,0.9115128036392175,149246,UCMP,NA,NA,Smilodon,NA,McKittrick,NA,FALSE,validation,0,NA,NA,NA,this study
UCMP_149255,0.6960613320063787,2.9830075738490125,1.6380420528684836,149255,UCMP,NA,Teratornis merriami,Teratornis,merriami,McKittrick,2,TRUE,training,NA,NA,NA,NA,[@fox-dobbs2006]
UCMP_149256,1.1742813615688967,3.0896613361181378,2.97239200890711,149256,UCMP,NA,Teratornis merriami,Teratornis,merriami,McKittrick,2,TRUE,training,NA,NA,NA,NA,[@fox-dobbs2006]
UCMP_149257,1.1121037221775012,3.1532141028130183,3.410590629565663,149257,UCMP,NA,Teratornis merriami,Teratornis,merriami,McKittrick,2,TRUE,training,NA,NA,NA,NA,[@fox-dobbs2006]
UCMP_153238,0.28950980898076345,3.3606855062845145,1.1761339074329886,153238,UCMP,NA,NA,Aenocyon,dirus,McKittrick,NA,NA,testing,NA,NA,NA,NA,this study
UCMP_153246,0.2372305515298608,3.340762416438642,0.7382887286637525,153246,UCMP,NA,Equus conversidens,Equus,conversidens,McKittrick,1,FALSE,training,NA,NA,NA,NA,NA
UCMP_153247,0.4473015873099841,3.0808337086006885,1.05486851366193,153247,UCMP,NA,Equus conversidens,Equus,conversidens,McKittrick,1,FALSE,training,NA,NA,NA,NA,NA
UCMP_153250,0.20733176339980272,3.411393278559844,0.753712565262332,153250,UCMP,NA,Equus conversidens,Equus,conversidens,McKittrick,2,FALSE,training,NA,NA,NA,NA,NA
UCMP_153251,0.4021180668371234,2.9507308337501605,1.4580361492437675,153251,UCMP,NA,Camelops,Camelops,NA,McKittrick,NA,NA,testing,NA,NA,NA,NA,this study
UCMP_153252,0.21929196352170433,3.0384991744139915,0.8295601166409878,153252,UCMP,NA,Bison,Bison,NA,McKittrick,3,FALSE,training,NA,NA,NA,NA,NA
UCMP_153253,0.37343705111427833,3.1688914094727174,0.9561087105018113,153253,UCMP,NA,Bison,Bison,NA,McKittrick,2,FALSE,training,NA,NA,NA,NA,NA
UCMP_153254,0.20933034250560983,3.44450441100777,0.4365266890074492,153254,UCMP,NA,Bison,Bison,NA,McKittrick,1,FALSE,training,NA,NA,NA,NA,NA
UCMP_153256,0.2758883332882965,3.390625660956888,0.8731595022509614,153256,UCMP,NA,Bison,Bison,NA,McKittrick,2,FALSE,training,NA,NA,NA,NA,NA
UCMP_153257,0.6972374054422421,3.04838482153291,0.7705969692080438,153257,UCMP,282987,Cervus elaphus,Cervus,elaphus,McKittrick,1,TRUE,validation,4,13.8,39.4,3.33,[@fox-dobbs2014]
UCMP_154372,0.8059502945788389,2.9984737665855574,1.9540075768172969,154372,UCMP,219233,Gopherus,Gopherus,NA,McKittrick,0,TRUE,training,NA,NA,NA,NA,NA
UCMP_154411,0.6709049893717774,2.8751404518213075,1.7570004762756743,154411,UCMP,219234,Gopherus,Gopherus,NA,McKittrick,0,TRUE,training,NA,NA,NA,NA,NA
UCMP_158263,0.9993993601272755,3.0209123894656207,1.337395600532294,158263,UCMP,264043,Camelops,Camelops,NA,Rancho La Brea,0,TRUE,training,NA,NA,NA,NA,NA
UCMP_158271,0.994348084360219,3.294407418848911,1.5629673395960613,158271,UCMP,264044,Camelops,Camelops,NA,Rancho La Brea,1,TRUE,training,NA,NA,NA,NA,NA
UCMP_158276,1.078580031459069,2.7919535003366565,2.664340201239561,158276,UCMP,268355,Camelops,Camelops,NA,Rancho La Brea,0,TRUE,training,NA,NA,NA,NA,NA
UCMP_158277,0.9735014159112121,3.0910194227491115,1.7108418418805778,158277,UCMP,264045,Camelops,Camelops,NA,Rancho La Brea,1,TRUE,training,NA,NA,NA,NA,NA
UCMP_158279,0.9425460069728576,3.051374736366887,1.186660725655619,158279,UCMP,264046,Camelops,Camelops,NA,Rancho La Brea,1,TRUE,training,NA,NA,NA,NA,NA
UCMP_158281,0.3657464525193944,2.823950852099063,0.950149401402809,158281,UCMP,NA,Camelops,Camelops,NA,Rancho La Brea,0,FALSE,training,NA,NA,NA,NA,NA
UCMP_212877,0.2838414728545298,3.16722771570829,0.9232233402805817,212877,UCMP,NA,NA,Canis,latrans,McKittrick,NA,NA,testing,NA,NA,NA,NA,this study
UCMP_212880,0.3033140195658928,3.1111133957746366,0.9126522231694011,212880,UCMP,NA,NA,Canis,latrans,McKittrick,NA,NA,testing,NA,NA,NA,NA,this study
UCMP_212881,0.40571665087582476,2.8946245392639645,0.9581756156836526,212881,UCMP,NA,NA,Canis,latrans,McKittrick,NA,FALSE,validation,0,NA,NA,NA,this study
UCMP_212883,0.31570503689785545,3.294663381148045,0.8412842961784719,212883,UCMP,NA,NA,Canis,latrans,McKittrick,NA,NA,testing,NA,NA,NA,NA,this study
UCMP_212886,0.23853625690731944,3.2085999973684673,0.9488511307093357,212886,UCMP,NA,NA,Aenocyon,dirus,McKittrick,NA,NA,testing,NA,NA,NA,NA,this study
UCMP_212887,0.38646247140811935,3.0767180369218763,1.1060932284638478,212887,UCMP,NA,NA,Aenocyon,dirus,McKittrick,NA,NA,testing,NA,NA,NA,NA,this study
UCMP_212888,0.26103759159227224,3.246939337706751,1.4723046255157661,212888,UCMP,NA,NA,Aenocyon,dirus,McKittrick,NA,NA,testing,NA,NA,NA,NA,this study
UCMP_212891,0.3697471997465545,3.2562015617963675,1.0541816463436604,212891,UCMP,NA,NA,Aenocyon,dirus,McKittrick,NA,NA,testing,NA,NA,NA,NA,this study
UCMP_233859,0.3147777199045051,3.2289009032987583,1.099106780390024,233859,UCMP,NA,NA,Aenocyon,dirus,McKittrick,NA,NA,testing,NA,NA,NA,NA,this study
UCMP_233862,0.3172650129332581,3.2423202406497382,2.355781450410886,233862,UCMP,NA,NA,Aenocyon,dirus,McKittrick,NA,NA,testing,NA,NA,NA,NA,this study
UCMP_233923,0.5390595833876359,2.9400480201271253,1.3229392575072476,233923,UCMP,NA,NA,Canis,latrans,McKittrick,NA,NA,testing,NA,NA,NA,NA,this study
UCMP_233952,0.37379474787705447,3.164223625810267,1.0285459644002954,233952,UCMP,NA,NA,Canis,latrans,McKittrick,NA,NA,testing,NA,NA,NA,NA,this study
UCMP_233971,0.32376080955774256,3.2917752711048545,1.3194097376065375,233971,UCMP,NA,NA,Aenocyon,dirus,McKittrick,NA,NA,testing,NA,NA,NA,NA,this study
UCMP_233999,0.4858553622927114,3.0798401698285405,2.0109044362118635,233999,UCMP,NA,NA,Canis,latrans,McKittrick,NA,NA,testing,NA,NA,NA,NA,this study
UCMP_234164,0.35508508669001526,3.093745190269218,1.9002154646870062,234164,UCMP,NA,NA,Aenocyon,dirus,McKittrick,NA,NA,testing,NA,NA,NA,NA,this study
UCMP_234165,0.2627317856144209,3.3259725095317534,0.7013070831065935,234165,UCMP,NA,NA,Aenocyon,dirus,McKittrick,NA,NA,testing,NA,NA,NA,NA,this study
UCMP_234166,0.34987125740453434,3.3730404977147965,0.8863014807259746,234166,UCMP,NA,NA,Aenocyon,dirus,McKittrick,NA,NA,testing,NA,NA,NA,NA,this study
UCMP_234502,0.322619577979097,3.4508307806867093,0.8979934421696619,234502,UCMP,NA,NA,Canis,latrans,McKittrick,NA,NA,testing,NA,NA,NA,NA,this study
UCMP_234503,0.3958190254075024,3.0304812179291005,1.47590697838583,234503,UCMP,NA,NA,Canis,latrans,McKittrick,NA,NA,testing,NA,NA,NA,NA,this study
UCMP_234504,0.3728960518764409,3.1976907542437245,1.543399788216418,234504,UCMP,NA,NA,Canis,latrans,McKittrick,NA,NA,testing,NA,NA,NA,NA,this study
UCMP_234600,0.7300678730786785,3.248034501860952,1.373214517317428,234600,UCMP,280004,Hemiauchenia,Hemiauchenia,NA,McKittrick,NA,TRUE,validation,3.9,15.3,42.1,3.21,this study
UCMP_234602,0.5989295257605624,3.2590979329963767,1.2610483214339736,234602,UCMP,280006,Hemiauchenia,Hemiauchenia,NA,McKittrick,NA,TRUE,validation,1.8,15.1,42.1,3.25,this study
UCMP_234604,0.6390041578458845,3.0188340648805374,1.5034350829789083,234604,UCMP,NA,Hemiauchenia,Hemiauchenia,NA,McKittrick,NA,NA,testing,NA,NA,NA,NA,this study
UCMP_234605,0.5923518878377749,3.1062767973339396,1.2059422543055467,234605,UCMP,280005,Hemiauchenia,Hemiauchenia,NA,McKittrick,NA,TRUE,validation,2.3,15.2,42.1,3.23,this study
UCMP_234636,0.5748888347342263,3.012134146854038,1.1490848270794465,234636,UCMP,NA,NA,Bison,NA,McKittrick,NA,FALSE,validation,0,NA,NA,NA,this study
UCMP_234637,0.346870439107634,3.407522576764776,0.5357127197917353,234637,UCMP,NA,NA,Bison,NA,McKittrick,NA,NA,testing,NA,NA,NA,NA,this study
UCMP_234638,0.2956870402290046,3.169351664998356,0.8270917732673936,234638,UCMP,NA,NA,Bison,NA,McKittrick,NA,NA,testing,NA,NA,NA,NA,this study
UCMP_234639,0.38972670788075986,3.245859639621779,1.4153045070252999,234639,UCMP,NA,NA,Euceratherium,collinum,McKittrick,NA,FALSE,validation,0,NA,NA,NA,this study
UCMP_234640,0.7197723401733132,3.061694990032036,0.8593153990181429,234640,UCMP,286364,NA,Camelops,hesternus,McKittrick,NA,TRUE,validation,10.9,16,44.1,3.22,this study
UCMP_234682,0.5943562367288373,3.053484386916846,0.8819354100504063,234682,UCMP,282981,NA,NA,NA,McKittrick,NA,TRUE,validation,3,11.8,34.5,3.41,this study
UCMP_234683,0.5363745972992587,3.198154713524035,2.309126846317852,234683,UCMP,286919,NA,Aenocyon,dirus,McKittrick,NA,TRUE,validation,16.1,15.8,44,3.25,this study
UCMP_234684,0.46823987848017884,3.0171413530662132,1.238812434859243,234684,UCMP,280008,Hemiauchenia,Hemiauchenia,NA,McKittrick,NA,TRUE,validation,2.9,15.3,42.7,3.26,this study
UCMP_234688,0.6336269101303154,3.0559814349835426,2.135628336641756,234688,UCMP,286365,Antilocapra,Antilocapra,NA,McKittrick,NA,TRUE,validation,10.5,14.6,41.6,3.32,this study
UCMP_234724,0.292464170582852,3.1902689221393254,0.7952255899730886,234724,UCMP,NA,Hemiauchenia,Hemiauchenia,NA,McKittrick,NA,NA,testing,NA,NA,NA,NA,this study
UCMP_234734,0.41109734672796205,3.156490598690945,1.0174516758226317,234734,UCMP,NA,Hemiauchenia,Hemiauchenia,NA,McKittrick,NA,NA,testing,NA,NA,NA,NA,this study
UCMP_234822,0.41193113017922123,3.3905095844585564,1.6757986177360407,234822,UCMP,NA,NA,Bison,NA,McKittrick,NA,FALSE,validation,0,NA,NA,NA,this study
UCMP_234823,0.31074705851669604,3.251772901856572,1.6926041770351332,234823,UCMP,NA,NA,Bison,NA,McKittrick,NA,NA,testing,NA,NA,NA,NA,this study
UCMP_234834,0.364710133550726,3.1277661660443448,1.421025050447349,234834,UCMP,NA,NA,Bison,NA,McKittrick,NA,NA,testing,NA,NA,NA,NA,this study
UCMP_234975,0.420445100458919,3.1162238930150723,1.862955710603545,234975,UCMP,NA,NA,NA,NA,McKittrick,NA,FALSE,validation,0,NA,NA,NA,this study
UCMP_234983,0.3147829201948824,3.155273248371852,0.8994286195628683,234983,UCMP,NA,NA,Camelops,hesternus,McKittrick,NA,NA,testing,NA,NA,NA,NA,this study
UCMP_234991,0.2880853910430069,3.177450192028455,1.3657303497571942,234991,UCMP,NA,NA,Bison,NA,McKittrick,NA,NA,testing,NA,NA,NA,NA,this study
UCMP_234997,0.42942076542065805,3.14142270901241,1.689010888287118,234997,UCMP,NA,NA,Bison,NA,McKittrick,NA,FALSE,validation,0,NA,NA,NA,this study
UCMP_235013,0.2904880813111277,3.3198137989809515,0.8898296125380554,235013,UCMP,NA,NA,Bison,NA,McKittrick,NA,NA,testing,NA,NA,NA,NA,this study
UCMP_235014,0.3262629030594516,3.271084094609749,1.4883157001132552,235014,UCMP,NA,NA,Bison,NA,McKittrick,NA,NA,testing,NA,NA,NA,NA,this study
UCMP_235033,0.3363023894042417,3.020256501677524,1.851943683557904,235033,UCMP,NA,Hemiauchenia,Hemiauchenia,NA,McKittrick,NA,NA,testing,NA,NA,NA,NA,this study
UCMP_235047,0.36078774356766957,3.0864753383441323,1.9672739424380026,235047,UCMP,NA,NA,Bison,NA,McKittrick,NA,NA,testing,NA,NA,NA,NA,this study
UCMP_235105,0.47591999025081766,2.9744378661083037,0.8586082472859325,235105,UCMP,NA,Hemiauchenia,Hemiauchenia,NA,McKittrick,NA,FALSE,validation,0,NA,NA,NA,this study
UCMP_235107.0,0.6669612438762104,2.8654998648822736,1.6463371651190177,235107,UCMP,NA,Hemiauchenia,Hemiauchenia,NA,McKittrick,NA,FALSE,validation,0,NA,NA,NA,this study
UCMP_235108.0,0.34016635314533844,2.934338125189648,0.8345091638669121,235108,UCMP,NA,Hemiauchenia,Hemiauchenia,NA,McKittrick,NA,NA,testing,NA,NA,NA,NA,this study
UCMP_235109.0,0.2960124581701303,3.1974911173612557,0.7152620683173615,235109,UCMP,NA,Hemiauchenia,Hemiauchenia,NA,McKittrick,NA,NA,testing,NA,NA,NA,NA,this study
UCMP_235110.0,0.2718024107222093,3.2651448835131567,0.6720645723346836,235110,UCMP,NA,Hemiauchenia,Hemiauchenia,NA,McKittrick,NA,NA,testing,NA,NA,NA,NA,this study
UCMP_235111.0,0.7526673975647533,3.034029009501511,1.262461353921612,235111,UCMP,NA,Hemiauchenia,Hemiauchenia,NA,McKittrick,NA,NA,testing,NA,NA,NA,NA,this study
UCMP_235112.0,0.40213495509953107,3.0814912398855236,0.9215603937124623,235112,UCMP,NA,Hemiauchenia,Hemiauchenia,NA,McKittrick,NA,NA,testing,NA,NA,NA,NA,this study
UCMP_235113.0,0.47905912137498025,2.921171290786299,1.4726751193713317,235113,UCMP,NA,Camelidae,NA,NA,McKittrick,NA,NA,testing,NA,NA,NA,NA,this study
UCMP_235114.0,0.3925082296660094,2.8856145496139654,0.6515376693221914,235114,UCMP,NA,Hemiauchenia,Hemiauchenia,NA,McKittrick,NA,NA,testing,NA,NA,NA,NA,this study
UCMP_235115.0,0.23786150928734776,3.107826337896313,0.7644126951732652,235115,UCMP,NA,Hemiauchenia,Hemiauchenia,NA,McKittrick,NA,NA,testing,NA,NA,NA,NA,this study
UCMP_235116.0,0.31558864095870887,3.196763348972151,0.9712819016272247,235116,UCMP,NA,Hemiauchenia,Hemiauchenia,NA,McKittrick,NA,NA,testing,NA,NA,NA,NA,this study
UCMP_235117.0,0.3062217673386912,3.20337682940643,0.5528930577026928,235117,UCMP,NA,Hemiauchenia,Hemiauchenia,NA,McKittrick,NA,NA,testing,NA,NA,NA,NA,this study
UCMP_235118,0.3672174998188764,3.0741386424133834,1.4621011518881277,235118,UCMP,NA,Hemiauchenia,Hemiauchenia,NA,McKittrick,NA,NA,testing,NA,NA,NA,NA,this study
UCMP_235119,0.2919131507101068,3.1585209491985378,0.7501695622884414,235119,UCMP,NA,Hemiauchenia,Hemiauchenia,NA,McKittrick,NA,NA,testing,NA,NA,NA,NA,this study
UCMP_235120,0.6941563664307866,3.005697848958864,1.521969134323457,235120,UCMP,NA,Hemiauchenia,Hemiauchenia,NA,McKittrick,NA,NA,testing,NA,NA,NA,NA,this study
UCMP_235122,0.40215480746023247,3.038903131785098,1.1045522271962436,235122,UCMP,NA,Hemiauchenia,Hemiauchenia,NA,McKittrick,NA,NA,testing,NA,NA,NA,NA,this study
UCMP_235123,0.22000861453383377,3.153535185640794,0.7076986768732778,235123,UCMP,NA,Hemiauchenia,Hemiauchenia,NA,McKittrick,NA,NA,testing,NA,NA,NA,NA,this study
UCMP_235222,0.8194219154586304,2.8784922610671044,1.828470109581757,235222,UCMP,282982,Paramylodon,Paramylodon,NA,McKittrick,NA,TRUE,validation,5.3,15.2,43.7,3.35,this study
UCMP_235258,0.2838560761431104,3.4055465497555564,0.5427177116015135,235258,UCMP,NA,NA,Bison,NA,McKittrick,NA,NA,testing,NA,NA,NA,NA,this study
UCMP_236337,0.2751330143662044,3.219207859879819,1.9210063973873999,236337,UCMP,NA,Camelidae,NA,NA,McKittrick,NA,NA,testing,NA,NA,NA,NA,this study
UCMP_236338,0.31012212925962035,3.1363130511429245,1.8317219532598126,236338,UCMP,NA,Camelidae,NA,NA,McKittrick,NA,NA,testing,NA,NA,NA,NA,this study
UCMP_236343,0.31858546963217,3.122876506929187,2.3492544101183053,236343,UCMP,NA,check if mammoth or sloth,NA,NA,McKittrick,NA,NA,testing,NA,NA,NA,NA,this study
UCMP_236348,0.32556158533152996,3.105649951962089,2.26997734131088,236348,UCMP,NA,NA,Paramylodon,NA,McKittrick,NA,NA,testing,NA,NA,NA,NA,this study
UCMP_236389,0.31962238868522425,3.139576111882377,2.228208464683541,236389,UCMP,NA,Paramylodon,Paramylodon,NA,McKittrick,NA,NA,testing,NA,NA,NA,NA,this study
UCMP_236390,0.34637881071386606,3.0691375137908654,2.4069127952212273,236390,UCMP,NA,Paramylodon,Paramylodon,NA,McKittrick,NA,NA,testing,NA,NA,NA,NA,this study
UCMP_236395,0.25946087356768543,3.1464334033027144,1.4870738971307766,236395,UCMP,NA,NA,Paramylodon,NA,McKittrick,NA,NA,testing,NA,NA,NA,NA,this study
UCMP_236398,0.2753713183994453,3.137011598790218,2.0206501416729745,236398,UCMP,NA,Paramylodon,Paramylodon,NA,McKittrick,NA,NA,testing,NA,NA,NA,NA,this study
UCMP_236400,0.3580745531032752,3.1034906871259853,2.6660880331793604,236400,UCMP,NA,Paramylodon,Paramylodon,NA,McKittrick,NA,NA,testing,NA,NA,NA,NA,this study
UCMP_236964,0.31962952375958814,3.2466699441670435,0.8394503552324363,236964,UCMP,NA,NA,NA,NA,McKittrick,NA,NA,testing,NA,NA,NA,NA,this study
UCMP_236969,0.29860579134344245,3.0473911904770077,0.9913334072426249,236969,UCMP,NA,Equus,Equus,NA,McKittrick,NA,NA,testing,NA,NA,NA,NA,this study
UCMP_237005,0.6024868215503634,2.6448305951951507,1.6654086051400063,237005,UCMP,280016,Equus,Equus,NA,McKittrick,NA,TRUE,validation,2.6,15.2,42.2,3.24,this study
UCMP_237006,0.34028167957970684,3.3591357021633117,0.6187483089596454,237006,UCMP,NA,Equus,Equus,NA,McKittrick,NA,NA,testing,NA,NA,NA,NA,this study
UCMP_237007,0.43943205819293724,2.9462147082007193,0.9114818840836907,237007,UCMP,NA,Equus,Equus,NA,McKittrick,NA,FALSE,validation,0,NA,NA,NA,this study
UCMP_237008,0.4352488495308321,3.2178585446636268,0.8405538999556895,237008,UCMP,NA,Equus,Equus,NA,McKittrick,NA,NA,testing,NA,NA,NA,NA,this study
UCMP_237009,0.5853721746875445,2.9531438246100716,1.0095601184919376,237009,UCMP,280011,Equus,Equus,NA,McKittrick,NA,TRUE,validation,4.1,15.4,42.8,3.24,this study
UCMP_237010,0.6240361234513235,2.8751325317769014,0.5134868268580766,237010,UCMP,280010,Equus,Equus,NA,McKittrick,NA,TRUE,validation,2.9,14.9,41.8,3.27,this study
UCMP_237011,0.2879056708151521,3.2115306733438262,0.8572818900675623,237011,UCMP,NA,Equus,Equus,NA,McKittrick,NA,NA,testing,NA,NA,NA,NA,this study
UCMP_237012,0.22551382234294268,3.2879159214180027,0.8714406276081048,237012,UCMP,NA,Equus,Equus,NA,McKittrick,NA,NA,testing,NA,NA,NA,NA,this study
UCMP_237013,0.5200559909755952,3.081692963710558,1.0808741397792925,237013,UCMP,280013,Equus,Equus,NA,McKittrick,NA,TRUE,validation,2.1,14.7,42,3.33,this study
UCMP_237014,0.5949702212370711,3.06368743144042,1.0322912468281455,237014,UCMP,280015,Equus,Equus,NA,McKittrick,NA,TRUE,validation,2.2,14.9,42.1,3.3,this study
UCMP_237051,0.26840819867436083,3.4903088343983897,0.932628989224772,237051,UCMP,NA,NA,Bison,NA,McKittrick,NA,NA,testing,NA,NA,NA,NA,this study
UCMP_237052,0.2990827215456133,3.670337252939835,0.9589644802097179,237052,UCMP,NA,NA,Bison,NA,McKittrick,NA,NA,testing,NA,NA,NA,NA,this study
UCMP_237053,0.35043596289440526,3.3693500722161596,1.1830573122862604,237053,UCMP,NA,NA,Paramylodon,NA,McKittrick,NA,FALSE,validation,0,NA,NA,NA,this study
UCMP_237085,0.4602283863067919,2.985952960654796,1.692516346299462,237085,UCMP,282990,Xenarthra,NA,NA,McKittrick,NA,TRUE,validation,1.5,15,42.5,3.31,this study
UCMP_237155,0.34356681343731726,3.041521067210526,1.1381239376295347,237155,UCMP,NA,Equus,Equus,NA,McKittrick,NA,NA,testing,NA,NA,NA,NA,this study
UCMP_237175.0,0.32155602584264936,3.193858362806308,2.376777358935698,237175,UCMP,280001,Mammalia,NA,NA,McKittrick,NA,TRUE,validation,2.2,15.4,43.3,3.28,this study
UCMP_237718,0.2975390656157065,3.1640283341301774,1.70978672304364,237718,UCMP,NA,NA,Aenocyon,dirus,McKittrick,NA,NA,testing,NA,NA,NA,NA,this study
UCMP_237719,0.3204807411556592,3.3077023284375873,0.6882089964312549,237719,UCMP,NA,NA,Aenocyon,dirus,McKittrick,NA,NA,testing,NA,NA,NA,NA,this study
UCMP_237720,0.3378429955832287,3.139905551169208,1.3993743038760211,237720,UCMP,NA,NA,Aenocyon,dirus,McKittrick,NA,NA,testing,NA,NA,NA,NA,this study
UCMP_237723,0.6840234601231409,3.116252263610002,1.0616927578440902,237723,UCMP,282977,NA,Aenocyon,dirus,McKittrick,NA,TRUE,validation,2.3,13.8,40.5,3.42,this study
UCMP_237730,0.2860108585495917,3.285568386063466,1.1862606958505846,237730,UCMP,NA,NA,Aenocyon,dirus,McKittrick,NA,NA,testing,NA,NA,NA,NA,this study
UCMP_237731.0,0.28561803327170265,3.2598208238399558,1.1396791430375162,237731,UCMP,NA,NA,Aenocyon,dirus,McKittrick,NA,NA,testing,NA,NA,NA,NA,this study
UCMP_237732.0,0.30535777970455086,3.0750949378395944,1.3169412174208457,237732,UCMP,NA,NA,Aenocyon,dirus,McKittrick,NA,NA,testing,NA,NA,NA,NA,this study
UCMP_237742.0,0.41595768865320454,3.2669052900483493,0.995932866899705,237742,UCMP,282983,NA,Aenocyon,dirus,McKittrick,NA,TRUE,validation,1.4,14.4,42.3,3.43,this study
UCMP_237766.0,0.48053227267947785,3.0778405223257064,1.3991107225805737,237766,UCMP,286366,NA,Aenocyon,dirus,McKittrick,NA,TRUE,validation,15.2,14.4,41.1,3.33,this study
UCMP_237776.0,0.31579414763121916,3.334030559925312,0.857981593575164,237776,UCMP,NA,NA,Aenocyon,dirus,McKittrick,NA,FALSE,validation,0,NA,NA,NA,this study
UCMP_237779.0,0.40201213585939566,3.280952761277797,1.3389087054144064,237779,UCMP,NA,NA,Aenocyon,dirus,McKittrick,NA,NA,testing,NA,NA,NA,NA,this study
UCMP_237782.0,0.30947384460165817,3.2360226220766504,1.3338882023503769,237782,UCMP,NA,NA,Aenocyon,dirus,McKittrick,NA,FALSE,validation,0,NA,NA,NA,this study
UCMP_237899.0,0.5057430712750131,3.037880469772509,1.5682747668083734,237899,UCMP,NA,NA,Canis,latrans,McKittrick,NA,FALSE,validation,0,NA,NA,NA,this study
UCMP_237901.0,0.280418896479368,3.2017340969305006,1.0101102456425453,237901,UCMP,NA,NA,Canis,latrans,McKittrick,NA,NA,testing,NA,NA,NA,NA,this study
UCMP_237902.0,0.27451340484175435,3.1848046972057715,1.205005155208378,237902,UCMP,NA,NA,Canis,latrans,McKittrick,NA,NA,testing,NA,NA,NA,NA,this study
UCMP_237907.0,0.45234525615385274,3.0107832751349686,1.1312857449925422,237907,UCMP,282978,NA,Canis,latrans,McKittrick,NA,TRUE,validation,2.6,14.5,41.9,3.37,this study
UCMP_237910.0,0.3385553716841053,3.036106599985498,0.951020629332178,237910,UCMP,NA,NA,Canis,latrans,McKittrick,NA,NA,testing,NA,NA,NA,NA,this study
UCMP_237911.0,0.31974106355192194,3.169881923344651,0.9898706058069072,237911,UCMP,NA,NA,Canis,latrans,McKittrick,NA,NA,testing,NA,NA,NA,NA,this study
UCMP_237912.0,0.40306510401561907,3.0999171046431067,1.0780460491953734,237912,UCMP,NA,NA,Canis,latrans,McKittrick,NA,NA,testing,NA,NA,NA,NA,this study
UCMP_237914.0,0.5402631144125494,3.134416219213819,1.078262088387291,237914,UCMP,NA,NA,Canis,latrans,McKittrick,NA,FALSE,validation,0,NA,NA,NA,this study
UCMP_237915.0,0.31450310356982175,3.2539127879715677,1.0259691936727353,237915,UCMP,NA,NA,Canis,latrans,McKittrick,NA,NA,testing,NA,NA,NA,NA,this study
UCMP_237917.0,0.2894005815993654,3.0995878803676034,1.0549547339009602,237917,UCMP,NA,NA,Canis,latrans,McKittrick,NA,NA,testing,NA,NA,NA,NA,this study
UCMP_237919.0,0.4528812585540115,3.061352963037057,1.0594908572364545,237919,UCMP,NA,NA,Canis,latrans,McKittrick,NA,FALSE,validation,0,NA,NA,NA,this study
UCMP_237920.0,0.3709580630711559,3.192553031461053,1.5341254162687892,237920,UCMP,NA,NA,Canis,latrans,McKittrick,NA,NA,testing,NA,NA,NA,NA,this study
UCMP_237924.0,0.3241528963952951,2.950662863885764,0.9391110925559748,237924,UCMP,NA,NA,Canis,latrans,McKittrick,NA,NA,testing,NA,NA,NA,NA,this study
UCMP_237925.0,0.3577146710787628,3.1333905668586657,1.0043353664939483,237925,UCMP,NA,NA,Canis,latrans,McKittrick,NA,NA,testing,NA,NA,NA,NA,this study
UCMP_237927.0,0.2513152594261453,3.154356345849956,0.8943074080418593,237927,UCMP,NA,NA,Canis,latrans,McKittrick,NA,NA,testing,NA,NA,NA,NA,this study
UCMP_237928.0,0.3491438585745527,3.3376069421854044,0.975284293358445,237928,UCMP,NA,NA,Canis,latrans,McKittrick,NA,NA,testing,NA,NA,NA,NA,this study
UCMP_237930.0,0.29255622866621916,3.133185237666633,0.9774434688529264,237930,UCMP,NA,NA,Canis,latrans,McKittrick,NA,NA,testing,NA,NA,NA,NA,this study
UCMP_237931.0,0.33480936441968,3.0646004109825826,1.0411468156198864,237931,UCMP,NA,NA,Canis,latrans,McKittrick,NA,NA,testing,NA,NA,NA,NA,this study
UCMP_237932.0,0.3132953370463555,3.014465724175965,0.9669864706151045,237932,UCMP,NA,NA,Canis,latrans,McKittrick,NA,NA,testing,NA,NA,NA,NA,this study
UCMP_237973.0,0.3012297794209753,3.254555474205452,1.3458653149150432,237973,UCMP,NA,NA,Aenocyon,dirus,McKittrick,NA,NA,testing,NA,NA,NA,NA,this study
UCMP_237974.0,0.29962356074935775,3.13819834487369,1.91673651565389,237974,UCMP,NA,NA,Aenocyon,dirus,McKittrick,NA,NA,testing,NA,NA,NA,NA,this study
UCMP_237977.0,0.28799090073632233,3.281147203254236,1.1570828561864457,237977,UCMP,NA,NA,Aenocyon,dirus,McKittrick,NA,NA,testing,NA,NA,NA,NA,this study
UCMP_238700.0,0.33782801003459995,3.382582388432224,1.3101619507626687,238700,UCMP,NA,NA,Aenocyon,dirus,McKittrick,NA,NA,testing,NA,NA,NA,NA,this study
UCMP_238807.0,0.268090348497267,3.3644677010905393,1.0457350631194025,238807,UCMP,NA,NA,Aenocyon,dirus,McKittrick,NA,NA,testing,NA,NA,NA,NA,this study
UCMP_238864.0,0.4112832982016925,2.948245372293095,1.0193997008810682,238864,UCMP,NA,Equus,Equus,NA,McKittrick,NA,NA,testing,NA,NA,NA,NA,this study
UCMP_238865.0,0.3353876818442948,3.044846692888808,0.8811862884695578,238865,UCMP,NA,Equus,Equus,NA,McKittrick,NA,NA,testing,NA,NA,NA,NA,this study
UCMP_239019.1,0.5589366415945297,2.970279879224261,2.219417640216111,239019,UCMP,NA,Equus,Equus,NA,McKittrick,NA,NA,testing,NA,NA,NA,NA,this study
UCMP_239021.0,0.2791721270695886,3.069216537640078,0.783265780062284,239021,UCMP,NA,Equus,Equus,NA,McKittrick,NA,NA,testing,NA,NA,NA,NA,this study
UCMP_239100.0,0.3855085768865051,3.098286143601899,1.313243268631142,239100,UCMP,NA,Equus,Equus,NA,McKittrick,NA,NA,testing,NA,NA,NA,NA,this study
UCMP_239101.0,0.26667633047308364,3.203248129787274,0.8894793563392951,239101,UCMP,NA,Equus,Equus,NA,McKittrick,NA,NA,testing,NA,NA,NA,NA,this study
UCMP_239102.0,0.34561497050339135,3.1765143280069905,0.8333749878629123,239102,UCMP,NA,Equus,Equus,NA,McKittrick,NA,NA,testing,NA,NA,NA,NA,this study
UCMP_239103.0,0.19957191109418465,3.1757067750640386,0.989726535595758,239103,UCMP,NA,Equus,Equus,NA,McKittrick,NA,NA,testing,NA,NA,NA,NA,this study
UCMP_239104.0,0.2808697491824393,3.0678272559938558,1.5173434057067277,239104,UCMP,NA,Equus,Equus,NA,McKittrick,NA,NA,testing,NA,NA,NA,NA,this study
UCMP_239105.0,0.34040299299180266,3.042213413736019,1.9041898971243019,239105,UCMP,NA,Equus,Equus,NA,McKittrick,NA,NA,testing,NA,NA,NA,NA,this study
UCMP_239106.0,0.35614753725006126,2.986158848776483,1.893049684921971,239106,UCMP,NA,Equus,Equus,NA,McKittrick,NA,NA,testing,NA,NA,NA,NA,this study
UCMP_239137.0,0.28715480581534875,3.3472762495862987,1.166666609622473,239137,UCMP,NA,NA,Bison,NA,McKittrick,NA,NA,testing,NA,NA,NA,NA,this study
UCMP_239155.0,0.3119450699224434,3.2994239333570414,1.0300183830115792,239155,UCMP,NA,NA,Aenocyon,dirus,McKittrick,NA,NA,testing,NA,NA,NA,NA,this study
UCMP_239508.0,0.18262300807407758,3.256986706993826,0.7985308795431615,239508,UCMP,NA,NA,Equus,NA,McKittrick,NA,NA,testing,NA,NA,NA,NA,this study
UCMP_239568.0,0.26118150135600643,3.1893284753108415,1.0959579086187718,239568,UCMP,NA,Odocoileus,Odocoileus,hemionus,McKittrick,NA,NA,testing,NA,NA,NA,NA,this study
UCMP_239746.0,0.622619236906044,2.968275225734929,1.0631508974056691,239746,UCMP,280007,Hemiauchenia,Hemiauchenia,NA,McKittrick,NA,TRUE,validation,3.5,14,40.1,3.34,this study
UCMP_239775.0,0.28222383650794536,3.2235062808906974,1.075092961296187,239775,UCMP,NA,Artiodactyla,NA,NA,McKittrick,NA,NA,testing,NA,NA,NA,NA,this study
UCMP_239785.0,0.35803499507601955,3.093606382886946,0.7706775798892119,239785,UCMP,NA,Hemiauchenia,Hemiauchenia,NA,McKittrick,NA,NA,testing,NA,NA,NA,NA,this study
UCMP_239926.0,0.41604798205634863,2.97963290098128,2.206828139998749,239926,UCMP,NA,NA,Bison,NA,McKittrick,NA,NA,testing,NA,NA,NA,NA,this study
UCMP_239948.0,0.30931631798365206,3.1396724716002087,0.9352734062005288,239948,UCMP,NA,Hemiauchenia,Hemiauchenia,NA,McKittrick,NA,NA,testing,NA,NA,NA,NA,this study
UCMP_239961.0,0.3196552262041616,3.183975018094732,1.1024523057051359,239961,UCMP,NA,Hemiauchenia,Hemiauchenia,NA,McKittrick,NA,NA,testing,NA,NA,NA,NA,this study
UCMP_239975.0,0.5036214017084021,3.1043637283325123,1.0973493044592646,239975,UCMP,NA,Hemiauchenia,Hemiauchenia,NA,McKittrick,NA,NA,testing,NA,NA,NA,NA,this study
UCMP_239976.0,0.33385873780790293,3.43250946345301,0.9935658745884048,239976,UCMP,NA,Hemiauchenia,Hemiauchenia,NA,McKittrick,NA,NA,testing,NA,NA,NA,NA,this study
UCMP_240383.0.0,0.6720935667068975,3.06303114529601,1.9563788550607715,240383,UCMP,286367,NA,Bison,NA,McKittrick,NA,TRUE,validation,9.8,14.5,42.2,3.4,this study
UCMP_240554.0,0.5096664543004715,3.135343483711494,1.0058898615240255,240554,UCMP,286368,NA,Bison,NA,McKittrick,NA,TRUE,validation,10.8,13.3,39.5,3.46,this study
UCMP_240555.0,0.35992960899438875,2.9941086618815804,0.9993542324486075,240555,UCMP,NA,NA,Bison,NA,McKittrick,NA,FALSE,validation,0,NA,NA,NA,this study
UCMP_240562.0,0.43040980943589624,3.178740448929635,1.4584607741184294,240562,UCMP,NA,NA,Bison,NA,McKittrick,NA,FALSE,validation,0,NA,NA,NA,this study
UCMP_240638.0,0.46209858005245324,3.1000277234795215,1.9978371126860897,240638,UCMP,NA,NA,Bison,NA,McKittrick,NA,FALSE,validation,0,NA,NA,NA,this study
UCMP_240644.0,0.29634763552765087,3.2903316641632445,1.0706200853504522,240644,UCMP,NA,NA,Bison,NA,McKittrick,NA,NA,testing,NA,NA,NA,NA,this study
UCMP_241059.0,0.30835591378725785,3.0779010493642476,1.1132758716800455,241059,UCMP,NA,Camelops,Camelops,NA,McKittrick,NA,NA,testing,NA,NA,NA,NA,this study
UCMP_241060.0,0.41197128913498837,2.9533703857131117,0.7870327167679348,241060,UCMP,NA,Camelops,Camelops,NA,McKittrick,NA,NA,testing,NA,NA,NA,NA,this study
UCMP_241070.0,0.4940149741395079,3.120822175093082,0.8499439550518325,241070,UCMP,280014,Equus,Equus,NA,McKittrick,NA,TRUE,validation,3.5,14.5,40.6,3.27,this study
UCMP_241072.0,0.8786945302465117,3.010553775678049,1.005323366998661,241072,UCMP,280012,Equus,Equus,NA,McKittrick,NA,TRUE,validation,1.7,15.1,42.5,3.28,this study
UCMP_241157.0,0.4752638347902703,3.262067047103418,1.4107254401738183,241157,UCMP,NA,Mammalia,NA,NA,McKittrick,NA,FALSE,validation,0,NA,NA,NA,this study
UCMP_241158.0,0.33316058182083375,3.1819241236059006,2.331974600814922,241158,UCMP,NA,Mammalia,NA,NA,McKittrick,NA,NA,testing,NA,NA,NA,NA,this study
UCMP_241159.0,0.6580131156326186,3.111764426803187,5.0483859873551555,241159,UCMP,NA,Mammalia,NA,NA,McKittrick,NA,NA,testing,NA,NA,NA,NA,this study
UCMP_241163.0,0.32383538962426545,3.27441883570823,0.7894246708278527,241163,UCMP,NA,NA,Camelops,hesternus,McKittrick,NA,NA,testing,NA,NA,NA,NA,this study
UCMP_241164.0,0.3162359418351049,3.135753186011109,0.6927660014484426,241164,UCMP,NA,NA,Camelops,hesternus,McKittrick,NA,NA,testing,NA,NA,NA,NA,this study
UCMP_241165.0,0.28696725128313894,3.318126265904999,0.859975099643883,241165,UCMP,NA,NA,Mammut,NA,McKittrick,NA,NA,testing,NA,NA,NA,NA,this study
UCMP_241166.0,0.2909926668517097,3.1410924833529794,0.9867638465432614,241166,UCMP,NA,Proboscidea,NA,NA,McKittrick,NA,NA,testing,NA,NA,NA,NA,this study
UCMP_241191.0,0.7003846313836801,3.03687100824561,1.4016587811094798,241191,UCMP,280009,Hemiauchenia,Hemiauchenia,NA,McKittrick,NA,TRUE,validation,2,14.5,41.4,3.33,this study
UCMP_246020.0,0.290062625941402,3.424393914482097,0.8849774459707634,246020,UCMP,NA,NA,Aenocyon,dirus,McKittrick,NA,NA,testing,NA,NA,NA,NA,this study
UCMP_246076.0,0.5288630417487888,3.1798389826195836,1.3295912935158745,246076,UCMP,NA,NA,Aenocyon,dirus,McKittrick,NA,NA,testing,NA,NA,NA,NA,this study
UCMP_246097.0,1.0583495994194554,2.9244733718030576,4.312157865249277,246097,UCMP,286369,Mylodontidae,NA,NA,McKittrick,NA,TRUE,validation,13.4,15.5,42.7,3.21,this study
UCMP_246139.0,0.28339024801295265,3.007289218567463,1.082521261401888,246139,UCMP,NA,NA,Canis,latrans,McKittrick,NA,NA,testing,NA,NA,NA,NA,this study
UCMP_246141.0,0.35887621404115755,3.1740596023288985,1.273127308068142,246141,UCMP,NA,NA,Aenocyon,dirus,McKittrick,NA,FALSE,validation,0,NA,NA,NA,this study
UCMP_246142.0,0.2913111493252652,3.2838668512848583,1.499549149680553,246142,UCMP,NA,NA,Aenocyon,dirus,McKittrick,NA,FALSE,validation,0,NA,NA,NA,this study
UCMP_246143.0,0.25881400152636164,3.3205993318390106,1.2312397379094915,246143,UCMP,NA,NA,Aenocyon,dirus,McKittrick,NA,NA,testing,NA,NA,NA,NA,this study
UCMP_246144.0,0.2453554993716935,3.3914252883516185,1.1404735062035356,246144,UCMP,NA,NA,Aenocyon,dirus,McKittrick,NA,NA,testing,NA,NA,NA,NA,this study
UCMP_246145.0,0.32147684285217193,3.2037835536488752,1.442285067770435,246145,UCMP,NA,NA,Aenocyon,dirus,McKittrick,NA,NA,testing,NA,NA,NA,NA,this study
UCMP_246208.0,0.26036508012068116,3.4900236278542627,0.5852018192205289,246208,UCMP,NA,NA,Aenocyon,dirus,McKittrick,NA,NA,testing,NA,NA,NA,NA,this study
UCMP_246223.0,0.3103753456550217,3.248932706208599,1.3293635077618595,246223,UCMP,NA,NA,Aenocyon,dirus,McKittrick,NA,NA,testing,NA,NA,NA,NA,this study
UCMP_246291.0,0.47489020346982597,3.114087719397182,2.2573820734834467,246291,UCMP,NA,NA,Antilocapra,americanus,McKittrick,NA,FALSE,validation,0,NA,NA,NA,this study
UCMP_246457.0,0.34191588202609796,3.4270349094143127,1.0671894024038704,246457,UCMP,NA,NA,Bison,NA,McKittrick,NA,FALSE,validation,0,NA,NA,NA,this study
UCMP_246523.0,0.4809575148289113,3.1992911029984645,1.0922541803358743,246523,UCMP,NA,NA,Aenocyon,dirus,McKittrick,NA,NA,testing,NA,NA,NA,NA,this study
UCMP_246644.0,0.42254031783706386,3.2682695660471057,1.7858791227414144,246644,UCMP,NA,NA,Aenocyon,dirus,McKittrick,NA,NA,testing,NA,NA,NA,NA,this study
UCMP_246721.0,0.3109316828582109,3.335153926633887,1.551259202715083,246721,UCMP,NA,NA,Aenocyon,dirus,McKittrick,NA,NA,testing,NA,NA,NA,NA,this study
UCMP_246828.0,0.327348704285278,3.3328669853035535,1.0950781296041443,246828,UCMP,NA,NA,Canis,latrans,McKittrick,NA,NA,testing,NA,NA,NA,NA,this study
UCMP_246838.0,0.5024691416974751,3.1785006082557055,1.3453933946994887,246838,UCMP,NA,NA,Canis,latrans,McKittrick,NA,NA,testing,NA,NA,NA,NA,this study
UCMP_246839.0,0.3942879750034767,3.1763934847896915,1.2679830090292095,246839,UCMP,NA,NA,Canis,latrans,McKittrick,NA,NA,testing,NA,NA,NA,NA,this study
UCMP_248003.0,0.5329272901010074,3.1152941447854845,1.2817917639859235,248003,UCMP,NA,NA,Canis,latrans,McKittrick,NA,NA,testing,NA,NA,NA,NA,this study
UCMP_248812.0,0.9144883782872703,2.922525934268092,1.384510245377128,248812,UCMP,282979,NA,Canis,lupus,McKittrick,NA,TRUE,validation,4.6,14.3,40.7,3.32,this study
UCMP_248816.0,0.3261798655737612,3.2882458609941,0.6681254635953233,248816,UCMP,NA,NA,Canis,lupus,McKittrick,NA,NA,testing,NA,NA,NA,NA,this study
UCMP_248821.0,0.3135917876012566,3.1732414560094764,1.59641667313544,248821,UCMP,NA,NA,Canis,lupus,McKittrick,NA,NA,testing,NA,NA,NA,NA,this study
UCMP_248827.0,0.47737878851236104,3.0170452253597873,1.1198288191784247,248827,UCMP,NA,NA,Canis,lupus,McKittrick,NA,FALSE,validation,0,NA,NA,NA,this study
UCMP_248852.0,0.3544957219727407,2.994372447837391,1.3189165831333993,248852,UCMP,NA,NA,Canis,lupus,McKittrick,NA,NA,testing,NA,NA,NA,NA,this study
UCMP_248855.0,0.4328767901455979,3.073029550069912,1.0935493874947184,248855,UCMP,NA,NA,Canis,latrans,McKittrick,NA,FALSE,validation,0,NA,NA,NA,this study
UCMP_248856.0,0.7337133018801637,3.0465089278799287,1.1995106101179802,248856,UCMP,282980,NA,Canis,latrans,McKittrick,NA,TRUE,validation,4,7.9,22.3,3.29,this study
UCMP_259499,0.8674928011808505,3.1094925639071596,2.1401455539087157,259499,UCMP,220366,Smilodon,Smilodon,NA,Rancho La Brea,2,TRUE,training,NA,NA,NA,NA,NA
UCMP_259501,0.8332684639098383,3.125667156154584,0.8640801669803269,259501,UCMP,220368,Smilodon,Smilodon,NA,Rancho La Brea,2,TRUE,training,NA,NA,NA,NA,NA
UCMP_259507,0.6022494463952118,3.1202193761510917,0.8572386023056228,259507,UCMP,220369,Canis,Canis,latrans,Rancho La Brea,0,TRUE,training,NA,NA,NA,NA,NA
UCMP_259508,0.8161407526914165,2.824022609255882,0.8890646468490582,259508,UCMP,220370,Canis,Canis,latrans,Rancho La Brea,0,TRUE,training,NA,NA,NA,NA,NA
UCMP_259509,0.9435115985859289,2.881417821931462,1.348357189940174,259509,UCMP,220371,Canis,Canis,latrans,Rancho La Brea,0,TRUE,training,NA,NA,NA,NA,NA
UCMP_259515,1.0667223399989318,2.8302929234884613,1.4962446755337315,259515,UCMP,NA,NA,Equus,occidentalis,McKittrick,NA,NA,testing,NA,NA,NA,NA,this study
UCMP_259516,0.7485903464898067,3.072612036314123,0.8265351697459039,259516,UCMP,220373,Equus,Equus,NA,Rancho La Brea,2,TRUE,training,NA,NA,NA,NA,NA
UCMP_259517,0.275482241779711,3.447303009716422,1.0491014512755679,259517,UCMP,NA,Equus,Equus,NA,Rancho La Brea,2,FALSE,training,NA,NA,NA,NA,NA
UCMP_259686.0,0.29094985727865885,3.2251922680286595,1.425911138117418,259686,UCMP,NA,Proboscidea,NA,NA,McKittrick,NA,NA,testing,NA,NA,NA,NA,this study
UCMP_259698.0,0.3069386600288403,3.1284885568160643,2.1187484017196456,259698,UCMP,NA,Mammalia,NA,NA,McKittrick,NA,NA,testing,NA,NA,NA,NA,this study
UCMP_259703.0,0.3153542542021083,3.1270256738006683,1.8013137303948414,259703,UCMP,NA,Mammalia,NA,NA,McKittrick,NA,NA,testing,NA,NA,NA,NA,this study
UCMP_27118,0.47541337076566376,3.2829759977568496,1.359568429058849,27118,UCMP,NA,Euceratherium,Euceratherium,NA,McKittrick,3,FALSE,training,NA,NA,NA,NA,NA
UCMP_271213,0.7343845615895696,3.099320139021939,0.7083098038594035,271213,UCMP,264797,Aenocyon,Aenocyon,dirus,Rancho La Brea,0,TRUE,training,NA,NA,NA,NA,NA
UCMP_271214,0.7913808192194866,2.944935164334949,0.6005511076606799,271214,UCMP,264798,Aenocyon,Aenocyon,dirus,Rancho La Brea,0,TRUE,training,NA,NA,NA,NA,NA
UCMP_271215,1.0484108390357405,3.064774003400543,1.1790724250143645,271215,UCMP,264799,Aenocyon,Aenocyon,dirus,Rancho La Brea,0,TRUE,training,NA,NA,NA,NA,NA
UCMP_271216,1.0013876098210877,2.9852395683487933,1.3710346006260945,271216,UCMP,264800,Aenocyon,Aenocyon,dirus,Rancho La Brea,0,TRUE,training,NA,NA,NA,NA,NA
UCMP_271217,0.9301586932933104,3.1079795350380093,1.1563434569395346,271217,UCMP,264801,Aenocyon,Aenocyon,dirus,Rancho La Brea,0,TRUE,training,NA,NA,NA,NA,NA
UCMP_271219,0.9620507237095193,3.0322270268320515,1.1213251839850225,271219,UCMP,264802,Aenocyon,Aenocyon,dirus,Rancho La Brea,0,TRUE,training,NA,NA,NA,NA,NA
UCMP_271220,0.9478720249697142,3.24603707962085,1.0849464665575186,271220,UCMP,265002,Aenocyon,Aenocyon,dirus,Rancho La Brea,0,TRUE,training,NA,NA,NA,NA,NA
UCMP_271221,0.8503991554544181,3.1720483100539854,1.0565419203107749,271221,UCMP,265003,Aenocyon,Aenocyon,dirus,Rancho La Brea,0,TRUE,training,NA,NA,NA,NA,NA
UCMP_271222,0.7560948229855905,2.9282746066058736,0.5833772442634694,271222,UCMP,264807,Aenocyon,Aenocyon,dirus,Rancho La Brea,0,TRUE,training,NA,NA,NA,NA,NA
UCMP_271223,0.7864959813123658,3.1352372446895695,1.0253869934301694,271223,UCMP,265004,Aenocyon,Aenocyon,dirus,Rancho La Brea,0,TRUE,training,NA,NA,NA,NA,NA
UCMP_271224,0.8181986526090951,2.858603155286058,0.5702630793429097,271224,UCMP,264809,Aenocyon,Aenocyon,dirus,Rancho La Brea,0,TRUE,training,NA,NA,NA,NA,NA
UCMP_271225,0.3852709326846896,3.376075215074845,0.906258552077299,271225,UCMP,264810,Camelops,Camelops,NA,Rancho La Brea,1,TRUE,training,NA,NA,NA,NA,NA
UCMP_271226,0.5806895823440558,3.4144914816389886,0.473205293268697,271226,UCMP,265005,Camelops,Camelops,NA,Rancho La Brea,1,TRUE,training,NA,NA,NA,NA,NA
UCMP_271227,0.31859084189494685,4.1442614236917015,0.8185150608756468,271227,UCMP,264812,Camelops,Camelops,NA,Rancho La Brea,3,TRUE,training,NA,NA,NA,NA,NA
UCMP_271228,0.40249733373841434,3.7665719874252788,0.3287583477748773,271228,UCMP,NA,Camelops,Camelops,NA,Rancho La Brea,2,FALSE,training,NA,NA,NA,NA,NA
UCMP_271229,0.32658712258211214,3.2827435993754155,0.5170397440481622,271229,UCMP,NA,Camelops,Camelops,NA,Rancho La Brea,3,FALSE,training,NA,NA,NA,NA,NA
UCMP_271230,0.7134954035504786,3.294532507052417,0.6197910900714767,271230,UCMP,265006,Camelops,Camelops,NA,Rancho La Brea,3,TRUE,training,NA,NA,NA,NA,NA
UCMP_271231,0.6970004401768706,2.9685448403287245,0.7065252162294468,271231,UCMP,264816,Camelops,Camelops,NA,Rancho La Brea,0,TRUE,training,NA,NA,NA,NA,NA
UCMP_271232,0.46862339127057295,3.420459219482008,1.3529638265808754,271232,UCMP,264817,Camelops,Camelops,NA,Rancho La Brea,1,TRUE,training,NA,NA,NA,NA,NA
UCMP_271234,0.2843460028652367,4.192109108374094,0.5396056359057814,271234,UCMP,NA,Camelops,Camelops,NA,Rancho La Brea,2,FALSE,training,NA,NA,NA,NA,NA
UCMP_271239.0,0.40132824497123887,3.009676296950545,1.68476446876962,271239,UCMP,NA,Camelops,Camelops,NA,McKittrick,NA,NA,testing,NA,NA,NA,NA,this study
UCMP_271240,0.2929086723953884,3.28446637436007,1.0460038591786698,271240,UCMP,NA,Camelops,Camelops,NA,McKittrick,0,FALSE,training,NA,NA,NA,NA,NA
UCMP_271241,0.3348785241570641,3.255274991771348,0.9550728133222453,271241,UCMP,NA,Bison,Bison,NA,McKittrick,3,FALSE,training,NA,NA,NA,NA,NA
UCMP_271242,0.5112705201088609,3.152936123665658,0.771233969759093,271242,UCMP,261772,Euceratherium,Euceratherium,NA,McKittrick,2,TRUE,training,NA,NA,NA,NA,NA
UCMP_271243,0.2937424895003797,3.524912365708943,0.8190494555824849,271243,UCMP,NA,Euceratherium,Euceratherium,NA,McKittrick,2,FALSE,training,NA,NA,NA,NA,NA
UCMP_271244,0.9822348384177133,2.6399656797622795,2.035141686722246,271244,UCMP,261773,Artodactyla,NA,NA,McKittrick,4,TRUE,training,NA,NA,NA,NA,NA
UCMP_271245,0.2668267165206022,3.18115614941187,1.0776191611420387,271245,UCMP,NA,Antilocapridae,NA,NA,McKittrick,1,FALSE,training,NA,NA,NA,NA,NA
UCMP_271246,0.32278203501073416,3.1424025842347074,0.8469004234235036,271246,UCMP,NA,Odocoileus,Odocoileus,NA,McKittrick,1,FALSE,training,NA,NA,NA,NA,NA
UCMP_271247,0.3009843139095,3.1064438210244596,0.7652301301637114,271247,UCMP,NA,Odocoileus,Odocoileus,NA,McKittrick,1,FALSE,training,NA,NA,NA,NA,NA
UCMP_282633.0,0.35570875047654327,2.8006052918228987,0.8355446273982751,282633,UCMP,NA,NA,Antilocapra,americanus,McKittrick,NA,FALSE,validation,0,NA,NA,NA,this study
UCMP_286436.0,0.3510099369998916,2.9218892827195337,1.5128408944999048,286436,UCMP,NA,Lepus,Lepus,NA,McKittrick,NA,NA,testing,NA,NA,NA,NA,this study
UCMP_287162.0,0.6444050394282128,2.8927262252445742,1.0420836387986863,287162,UCMP,NA,Lepus,Lepus,NA,McKittrick,NA,NA,testing,NA,NA,NA,NA,this study
UCMP_287164.0,0.8167637214695536,3.1675138997330374,1.2271441203532316,287164,UCMP,NA,Lepus,Lepus,NA,McKittrick,NA,NA,testing,NA,NA,NA,NA,this study
UCMP_287165.0,0.8373037915389249,3.039364805256738,1.3408526489452173,287165,UCMP,NA,Lepus,Lepus,NA,McKittrick,NA,NA,testing,NA,NA,NA,NA,this study
UCMP_287166.0,0.892898136463083,2.894114954539327,1.8908283362342277,287166,UCMP,NA,Lepus,Lepus,NA,McKittrick,NA,NA,testing,NA,NA,NA,NA,this study
UCMP_287167.0,0.8809449575507937,2.9784608468384075,1.1939174153587433,287167,UCMP,NA,Lepus,Lepus,NA,McKittrick,NA,NA,testing,NA,NA,NA,NA,this study
UCMP_287168.0,0.8024826174468679,3.098258766924523,1.3820823500603112,287168,UCMP,NA,Lepus,Lepus,NA,McKittrick,NA,NA,testing,NA,NA,NA,NA,this study
UCMP_287170.0,0.8615955724566828,2.931611393799656,1.1916587399742344,287170,UCMP,280002,Lepus,Lepus,NA,McKittrick,NA,TRUE,validation,3.1,15.2,41.5,3.19,this study
UCMP_287171.0,1.0333892403181055,2.8489695830163786,1.9019771215904702,287171,UCMP,280000,Lepus,Lepus,NA,McKittrick,NA,TRUE,validation,1.7,14.7,41.1,3.26,this study
UCMP_287172.0,0.40763827545642817,2.960581874432897,1.0848741889624152,287172,UCMP,NA,Lepus,Lepus,NA,McKittrick,NA,NA,testing,NA,NA,NA,NA,this study
UCMP_287173.0,0.5268537192041408,3.1253649608388576,1.3940861278764762,287173,UCMP,NA,Lepus,Lepus,NA,McKittrick,NA,NA,testing,NA,NA,NA,NA,this study
UCMP_287174.0,0.6739048458027818,2.916800349421045,0.9197538115062068,287174,UCMP,NA,Lepus,Lepus,NA,McKittrick,NA,NA,testing,NA,NA,NA,NA,this study
UCMP_287174.0,0.6739048458027818,2.916800349421045,0.9197538115062068,287174,UCMP,NA,Lepus,Lepus,NA,McKittrick,NA,NA,testing,NA,NA,NA,NA,this study
UCMP_287175.0,0.90135223706214,2.9363153435366196,1.4299818613727429,287175,UCMP,NA,Lepus,Lepus,NA,McKittrick,NA,NA,testing,NA,NA,NA,NA,this study
UCMP_287189.0,0.8356921701581281,3.0272605294334376,1.510961680833997,287189,UCMP,280003,Lepus,Lepus,NA,McKittrick,NA,TRUE,validation,2.9,15,41.6,3.24,this study
UCMP_287190.0,0.817631242651401,2.7705873179965828,0.9974150301389789,287190,UCMP,NA,Lepus,Lepus,NA,McKittrick,NA,NA,testing,NA,NA,NA,NA,this study
UCMP_287191.0,0.8675522658109652,2.8721189773235825,1.2920294719893188,287191,UCMP,NA,Lepus,Lepus,NA,McKittrick,NA,NA,testing,NA,NA,NA,NA,this study
UCMP_287265.0,0.9675050242935008,3.0816768570215367,1.6743394887453706,287265,UCMP,286920,NA,Aenocyon,dirus,McKittrick,NA,TRUE,validation,11,16,44.1,3.22,this study
UCMP_287400.0,0.3169312600739625,3.2349320889309485,1.6425184086026383,287400,UCMP,NA,NA,Bison,NA,McKittrick,NA,NA,testing,NA,NA,NA,NA,this study
UCMP_287403.0,0.715981109282313,2.9870258374370597,2.991343838112799,287403,UCMP,NA,NA,Bison,NA,McKittrick,NA,FALSE,validation,0,NA,NA,NA,this study
UCMP_287457.0,0.36158105464915,3.0295986491334976,2.2006743715587755,287457,UCMP,NA,Paramylodon,Paramylodon,NA,McKittrick,NA,NA,testing,NA,NA,NA,NA,this study
UCMP_297728.0,0.46582373757009654,3.0644072207816677,2.3817946599573196,297728,UCMP,NA,NA,Aenocyon,dirus,McKittrick,NA,FALSE,validation,0,NA,NA,NA,this study
UCMP_297729.0,0.3636043437908195,3.1490970361041635,2.3531204275013744,297729,UCMP,NA,NA,Aenocyon,dirus,McKittrick,NA,NA,testing,NA,NA,NA,NA,this study
UCMP_297730.0,0.38919621906912105,3.455658133955223,1.1119827445502979,297730,UCMP,NA,NA,Aenocyon,dirus,McKittrick,NA,FALSE,validation,0,NA,NA,NA,this study
UCMP_297731.0,0.5826477477843952,3.133306768836775,2.787266541838893,297731,UCMP,NA,NA,Aenocyon,dirus,McKittrick,NA,FALSE,validation,0,NA,NA,NA,this study
UCMP_299848.0,0.47344453925412083,3.093033588660236,1.3628247257640216,299848,UCMP,NA,NA,Canis,latrans,McKittrick,NA,FALSE,validation,0,NA,NA,NA,this study
UCMP_299849.0,0.6240722540467147,3.0390813466643767,1.1716218325294823,299849,UCMP,282989,NA,Canis,latrans,McKittrick,NA,TRUE,validation,1.2,13,39,3.5,this study
UCMP_31035,0.321148745281546,3.266000650680665,0.6504906380807689,31035,UCMP,NA,Odocoileus,Odocoileus,NA,McKittrick,NA,NA,testing,NA,NA,NA,NA,this study
UCMP_33120,0.2848331534733487,3.300709564372029,1.106816447839464,33120,UCMP,NA,Mammut,Mammut,NA,McKittrick,4,FALSE,training,NA,NA,NA,NA,NA
